{"AL":{"name":"Alabama","bounds":{"minLng":-88.473227,"maxLng":-84.890894,"minLat":30.221132,"maxLat":35.008028,"centerLng":-86.6820605,"centerLat":32.614580000000004}},"AK":{"name":"Alaska","bounds":{"minLng":-179.14734,"maxLng":179.77847,"minLat":51.219862,"maxLat":71.352561,"centerLng":0.3155649999999923,"centerLat":61.28621149999999}},"AZ":{"name":"Arizona","bounds":{"minLng":-114.813991,"maxLng":-109.045223,"minLat":31.332177,"maxLat":37.00426,"centerLng":-111.929607,"centerLat":34.1682185}},"AR":{"name":"Arkansas","bounds":{"minLng":-94.617919,"maxLng":-89.644838,"minLat":33.004106,"maxLat":36.4996,"centerLng":-92.1313785,"centerLat":34.751853}},"CA":{"name":"California","bounds":{"minLng":-124.409591,"maxLng":-114.134427,"minLat":32.534156,"maxLat":42.009518,"centerLng":-119.272009,"centerLat":37.271837000000005}},"CO":{"name":"Colorado","bounds":{"minLng":-109.060253,"maxLng":-102.041524,"minLat":36.992426,"maxLat":41.003444,"centerLng":-105.5508885,"centerLat":38.997935}},"CT":{"name":"Connecticut","bounds":{"minLng":-73.727775,"maxLng":-71.786994,"minLat":40.985171,"maxLat":42.050587,"centerLng":-72.7573845,"centerLat":41.517879}},"DE":{"name":"Delaware","bounds":{"minLng":-75.788658,"maxLng":-75.048939,"minLat":38.451013,"maxLat":39.839007,"centerLng":-75.41879850000001,"centerLat":39.14501}},"DC":{"name":"District of Columbia","bounds":{"minLng":-77.1199,"maxLng":-76.909395,"minLat":38.791513,"maxLat":38.99511,"centerLng":-77.0146475,"centerLat":38.893311499999996}},"FL":{"name":"Florida","bounds":{"minLng":-87.634938,"maxLng":-80.031362,"minLat":24.544701,"maxLat":31.000888,"centerLng":-83.83315,"centerLat":27.7727945}},"GA":{"name":"Georgia","bounds":{"minLng":-85.605165,"maxLng":-80.840549,"minLat":30.357851,"maxLat":35.000771,"centerLng":-83.222857,"centerLat":32.679311}},"HI":{"name":"Hawaii","bounds":{"minLng":-160.24961,"maxLng":-154.809379,"minLat":18.917466,"maxLat":22.23317,"centerLng":-157.5294945,"centerLat":20.575318000000003}},"ID":{"name":"Idaho","bounds":{"minLng":-117.243027,"maxLng":-111.043564,"minLat":41.988057,"maxLat":49.001146,"centerLng":-114.1432955,"centerLat":45.4946015}},"IL":{"name":"Illinois","bounds":{"minLng":-91.513079,"maxLng":-87.496494,"minLat":36.970298,"maxLat":42.508302,"centerLng":-89.5047865,"centerLat":39.7393}},"IN":{"name":"Indiana","bounds":{"minLng":-88.058499,"maxLng":-84.784579,"minLat":37.771742,"maxLat":41.760592,"centerLng":-86.421539,"centerLat":39.766167}},"IA":{"name":"Iowa","bounds":{"minLng":-96.639704,"maxLng":-90.140061,"minLat":40.375501,"maxLat":43.501196,"centerLng":-93.3898825,"centerLat":41.938348500000004}},"KS":{"name":"Kansas","bounds":{"minLng":-102.051744,"maxLng":-94.589933,"minLat":36.993083,"maxLat":40.003162,"centerLng":-98.32083850000001,"centerLat":38.4981225}},"KY":{"name":"Kentucky","bounds":{"minLng":-89.571509,"maxLng":-81.964971,"minLat":36.497129,"maxLat":39.147458,"centerLng":-85.76824,"centerLat":37.8222935}},"LA":{"name":"Louisiana","bounds":{"minLng":-94.043147,"maxLng":-88.817017,"minLat":28.925011,"maxLat":33.019457,"centerLng":-91.430082,"centerLat":30.972234}},"ME":{"name":"Maine","bounds":{"minLng":-71.084334,"maxLng":-66.949895,"minLat":43.059825,"maxLat":47.459686,"centerLng":-69.01711449999999,"centerLat":45.2597555}},"MD":{"name":"Maryland","bounds":{"minLng":-79.487651,"maxLng":-75.048939,"minLat":37.911717,"maxLat":39.723043,"centerLng":-77.268295,"centerLat":38.81738}},"MA":{"name":"Massachusetts","bounds":{"minLng":-73.508142,"maxLng":-69.928261,"minLat":41.237964,"maxLat":42.886589,"centerLng":-71.7182015,"centerLat":42.062276499999996}},"MI":{"name":"Michigan","bounds":{"minLng":-90.418136,"maxLng":-82.412965,"minLat":41.696089,"maxLat":48.190975,"centerLng":-86.4155505,"centerLat":44.943532000000005}},"MN":{"name":"Minnesota","bounds":{"minLng":-97.239209,"maxLng":-89.489226,"minLat":43.499356,"maxLat":49.384358,"centerLng":-93.3642175,"centerLat":46.441857}},"MS":{"name":"Mississippi","bounds":{"minLng":-91.655009,"maxLng":-88.097888,"minLat":30.173943,"maxLat":34.996052,"centerLng":-89.87644850000001,"centerLat":32.5849975}},"MO":{"name":"Missouri","bounds":{"minLng":-95.774704,"maxLng":-89.098843,"minLat":35.995683,"maxLat":40.61364,"centerLng":-92.4367735,"centerLat":38.304661499999995}},"MT":{"name":"Montana","bounds":{"minLng":-116.050003,"maxLng":-104.039563,"minLat":44.358221,"maxLat":49.00139,"centerLng":-110.044783,"centerLat":46.6798055}},"NE":{"name":"Nebraska","bounds":{"minLng":-104.053514,"maxLng":-95.30829,"minLat":39.999998,"maxLat":43.001708,"centerLng":-99.680902,"centerLat":41.500853}},"NV":{"name":"Nevada","bounds":{"minLng":-120.005746,"maxLng":-114.039648,"minLat":35.002085,"maxLat":42.002207,"centerLng":-117.022697,"centerLat":38.502145999999996}},"NH":{"name":"New Hampshire","bounds":{"minLng":-72.557247,"maxLng":-70.703799,"minLat":42.69699,"maxLat":45.305476,"centerLng":-71.63052300000001,"centerLat":44.001233}},"NJ":{"name":"New Jersey","bounds":{"minLng":-75.559614,"maxLng":-73.893979,"minLat":38.928519,"maxLat":41.357423,"centerLng":-74.7267965,"centerLat":40.142971}},"NM":{"name":"New Mexico","bounds":{"minLng":-109.050173,"maxLng":-103.001964,"minLat":31.332301,"maxLat":37.000232,"centerLng":-106.02606850000001,"centerLat":34.1662665}},"NY":{"name":"New York","bounds":{"minLng":-79.762152,"maxLng":-71.856214,"minLat":40.496103,"maxLat":45.01585,"centerLng":-75.80918299999999,"centerLat":42.7559765}},"NC":{"name":"North Carolina","bounds":{"minLng":-84.321869,"maxLng":-75.458659,"minLat":33.844517,"maxLat":36.588117,"centerLng":-79.890264,"centerLat":35.216317000000004}},"ND":{"name":"North Dakota","bounds":{"minLng":-104.0489,"maxLng":-96.554507,"minLat":45.935054,"maxLat":49.000687,"centerLng":-100.3017035,"centerLat":47.467870500000004}},"OH":{"name":"Ohio","bounds":{"minLng":-84.820159,"maxLng":-80.518693,"minLat":38.403202,"maxLat":41.977523,"centerLng":-82.669426,"centerLat":40.1903625}},"OK":{"name":"Oklahoma","bounds":{"minLng":-103.002565,"maxLng":-94.431215,"minLat":33.616567,"maxLat":37.002206,"centerLng":-98.71689,"centerLat":35.3093865}},"OR":{"name":"Oregon","bounds":{"minLng":-124.552441,"maxLng":-116.463504,"minLat":41.991794,"maxLat":46.271004,"centerLng":-120.5079725,"centerLat":44.131399}},"PA":{"name":"Pennsylvania","bounds":{"minLng":-80.519891,"maxLng":-74.689516,"minLat":39.7198,"maxLat":42.26986,"centerLng":-77.6047035,"centerLat":40.99483}},"RI":{"name":"Rhode Island","bounds":{"minLng":-71.862772,"maxLng":-71.12057,"minLat":41.146339,"maxLat":42.018798,"centerLng":-71.491671,"centerLat":41.582568499999994}},"SC":{"name":"South Carolina","bounds":{"minLng":-83.353238,"maxLng":-78.541087,"minLat":32.0346,"maxLat":35.215402,"centerLng":-80.9471625,"centerLat":33.625001}},"SD":{"name":"South Dakota","bounds":{"minLng":-104.057698,"maxLng":-96.436589,"minLat":42.479635,"maxLat":45.94545,"centerLng":-100.24714349999999,"centerLat":44.2125425}},"TN":{"name":"Tennessee","bounds":{"minLng":-90.310298,"maxLng":-81.6469,"minLat":34.982972,"maxLat":36.678118,"centerLng":-85.978599,"centerLat":35.830545}},"TX":{"name":"Texas","bounds":{"minLng":-106.645646,"maxLng":-93.516407,"minLat":25.837377,"maxLat":36.500704,"centerLng":-100.08102650000001,"centerLat":31.1690405}},"UT":{"name":"Utah","bounds":{"minLng":-114.052962,"maxLng":-109.041058,"minLat":36.997968,"maxLat":42.001567,"centerLng":-111.54701,"centerLat":39.499767500000004}},"VT":{"name":"Vermont","bounds":{"minLng":-73.43774,"maxLng":-71.464555,"minLat":42.726853,"maxLat":45.016659,"centerLng":-72.4511475,"centerLat":43.871756}},"VA":{"name":"Virginia","bounds":{"minLng":-83.675413,"maxLng":-75.242266,"minLat":36.540738,"maxLat":39.466012,"centerLng":-79.45883950000001,"centerLat":38.003375}},"WA":{"name":"Washington","bounds":{"minLng":-124.733174,"maxLng":-116.915989,"minLat":45.543541,"maxLat":49.002494,"centerLng":-120.8245815,"centerLat":47.273017499999995}},"WV":{"name":"West Virginia","bounds":{"minLng":-82.644739,